{ "height":10,
 "layers":[
        {
         "data":[14, 2, 1, 1, 6, 6, 2, 7, 7, 7, 7, 3, 9, 9, 2, 5, 5, 4, 6, 8, 2, 7, 7, 7, 7, 5, 8, 8, 2, 3, 4, 3, 3, 3, 3, 8, 7, 7, 8, 8, 2, 2, 6, 9, 8, 7, 9, 2, 4, 8, 14, 2, 9, 1, 2, 4, 2, 3, 3, 9, 8, 1, 2, 2, 1, 4, 6, 6, 6, 6, 1, 8, 6, 9, 1, 9, 2, 2, 3, 2, 2, 3, 3, 3, 4, 9, 7, 4, 4, 7, 8, 4, 5, 9, 1, 1, 1, 1, 1, 1, 14, 7, 5, 5, 2, 8, 7, 3, 1, 6, 3, 4, 7, 1, 9, 9, 3, 3, 7, 7, 7, 5, 5, 5, 5, 2, 7, 7, 3, 3, 8, 8, 2, 4, 4, 9, 4, 5, 2, 2, 5, 5, 7, 1, 7, 1, 6, 4, 4, 8, 14, 9, 9, 3, 4, 7, 6, 6, 7, 7, 5, 9, 7, 6, 9, 7, 7, 7, 7, 2, 7, 2, 9, 9, 5, 5, 3, 3, 3, 6, 8, 8, 5, 5, 9, 8, 8, 9, 5, 5, 1, 1, 7, 3, 6, 7, 2, 5, 9, 4, 14, 10, 13, 13, 11, 10, 12, 12, 12, 11, 12, 11, 12, 13, 12, 11, 11, 11, 12, 12, 12, 11, 11, 10, 13, 11, 11, 12, 10, 13, 13, 11, 10, 11, 13, 11, 12, 11, 13, 11, 12, 12, 12, 13, 12, 13, 13, 13, 10, 13, 14, 11, 10, 12, 13, 11, 13, 13, 10, 12, 13, 13, 12, 11, 12, 13, 10, 12, 12, 11, 10, 13, 10, 12, 10, 10, 11, 12, 11, 13, 12, 12, 13, 11, 13, 11, 12, 13, 13, 11, 13, 10, 10, 10, 11, 10, 12, 13, 12, 12, 14, 2, 5, 4, 4, 2, 7, 3, 3, 1, 9, 8, 7, 1, 6, 4, 2, 4, 5, 5, 2, 9, 4, 4, 1, 7, 5, 9, 1, 1, 3, 1, 6, 6, 4, 9, 6, 6, 6, 3, 3, 5, 9, 7, 7, 4, 4, 3, 9, 7, 14, 2, 7, 1, 9, 9, 1, 3, 3, 2, 5, 6, 2, 2, 6, 8, 7, 6, 6, 2, 2, 7, 7, 7, 7, 4, 4, 3, 2, 9, 9, 9, 7, 3, 4, 4, 4, 6, 6, 8, 8, 9, 1, 4, 5, 5, 5, 5, 9, 6, 14, 3, 9, 8, 8, 9, 9, 9, 3, 7, 5, 5, 8, 7, 8, 9, 9, 9, 3, 2, 1, 2, 2, 2, 8, 8, 9, 4, 9, 9, 6, 6, 4, 4, 2, 2, 2, 2, 2, 7, 7, 2, 3, 1, 4, 7, 1, 3, 2, 6, 14, 9, 9, 4, 6, 1, 8, 9, 5, 2, 6, 6, 7, 8, 8, 3, 3, 3, 6, 6, 1, 1, 4, 2, 1, 9, 8, 8, 6, 6, 6, 4, 4, 5, 5, 7, 7, 9, 6, 1, 1, 8, 7, 4, 9, 9, 6, 4, 4, 3],
         "height":10,
         "name":"background",
         "opacity":1,
         "type":"tilelayer",
         "visible":true,
         "width":50,
         "x":0,
         "y":0
        }],
 "orientation":"orthogonal",
 "properties":
    {

    },
 "tileheight":64,
 "tilesets":[
        {
         "firstgid":1,
         "image":"..\/assets\/dirt.png",
         "imageheight":192,
         "imagewidth":192,
         "margin":0,
         "name":"dirt",
         "properties":
            {

            },
         "spacing":0,
         "tileheight":64,
         "tilewidth":64
        }, 
        {
         "firstgid":10,
         "image":"..\/assets\/road.png",
         "imageheight":128,
         "imagewidth":128,
         "margin":0,
         "name":"road",
         "properties":
            {

            },
         "spacing":0,
         "tileheight":64,
         "tilewidth":64
        }, 
        {
         "firstgid":14,
         "image":"..\/assets\/wall.png",
         "imageheight":64,
         "imagewidth":64,
         "margin":0,
         "name":"wall",
         "properties":
            {

            },
         "spacing":0,
         "tileheight":64,
         "tileproperties":
            {
             "0":
                {
                 "collidable":"true"
                }
            },
         "tilewidth":64
        }],
 "tilewidth":64,
 "version":1,
 "width":50
}