{ "height":10,
 "layers":[
        {
         "data":[1, 2, 5, 3, 3, 2, 2, 2, 3, 1, 4, 3, 3, 3, 1, 1, 4, 3, 2, 2, 1, 3, 3, 1, 3, 3, 3, 2, 3, 2, 3, 3, 5, 2, 3, 4, 4, 4, 2, 2, 1, 3, 3, 6, 6, 4, 2, 4, 5, 4, 4, 4, 1, 5, 3, 4, 2, 4, 4, 3, 4, 1, 4, 1, 3, 1, 4, 6, 3, 3, 1, 1, 1, 3, 4, 3, 3, 1, 5, 2, 2, 2, 4, 4, 1, 1, 2, 2, 2, 2, 4, 2, 2, 2, 2, 4, 1, 1, 1, 1, 3, 1, 1, 1, 2, 3, 1, 3, 3, 1, 1, 2, 2, 1, 3, 2, 4, 2, 4, 4, 6, 6, 5, 6, 6, 5, 5, 6, 6, 6, 5, 6, 6, 5, 6, 5, 5, 5, 5, 6, 5, 6, 6, 5, 6, 5, 5, 6, 6, 5, 5, 5, 5, 5, 6, 6, 5, 5, 5, 5, 5, 6, 6, 5, 5, 6, 5, 6, 5, 6, 5, 6, 5, 6, 5, 6, 5, 5, 6, 5, 4, 4, 1, 4, 2, 1, 4, 4, 4, 1, 3, 2, 3, 2, 2, 2, 3, 3, 3, 2, 2, 2, 4, 4, 3, 4, 4, 4, 3, 4, 4, 1, 2, 3, 4, 4, 4, 1, 4, 1, 1, 4, 2, 3, 4, 2, 5, 3, 4, 2, 3, 6, 6, 2, 2, 4, 4, 1, 6, 2, 4, 2, 5, 2, 2, 1, 1, 5, 5, 1, 1, 1, 2, 4, 1, 1, 1, 3, 3, 3, 1, 1, 1, 1, 1, 4, 4, 3, 1, 2, 1, 3, 2, 3, 3, 4, 4, 6, 6, 4, 1, 3, 6, 1, 3, 2, 1, 3, 3, 3, 3, 2, 4, 3, 4, 6, 4, 4, 2, 2],
         "height":10,
         "name":"background",
         "opacity":1,
         "type":"tilelayer",
         "visible":true,
         "width":30,
         "x":0,
         "y":0
        }],
 "orientation":"orthogonal",
 "properties":
    {

    },
 "tileheight":64,
 "tilesets":[
        {
         "firstgid":1,
         "image":"grass.png",
         "imageheight":128,
         "imagewidth":128,
         "margin":0,
         "name":"grass",
         "properties":
            {

            },
         "spacing":0,
         "tileheight":64,
         "tilewidth":64
        }, 
        {
         "firstgid":5,
         "image":"road.png",
         "imageheight":64,
         "imagewidth":128,
         "margin":0,
         "name":"road",
         "properties":
            {

            },
         "spacing":0,
         "tileheight":64,
         "tilewidth":64
        }],
 "tilewidth":64,
 "version":1,
 "width":30
}